[{"model": "contenttypes.contenttype", "pk": 1, "fields": {"app_label": "admin", "model": "logentry"}}, {"model": "contenttypes.contenttype", "pk": 2, "fields": {"app_label": "auth", "model": "permission"}}, {"model": "contenttypes.contenttype", "pk": 3, "fields": {"app_label": "auth", "model": "group"}}, {"model": "contenttypes.contenttype", "pk": 4, "fields": {"app_label": "auth", "model": "user"}}, {"model": "contenttypes.contenttype", "pk": 5, "fields": {"app_label": "contenttypes", "model": "contenttype"}}, {"model": "contenttypes.contenttype", "pk": 6, "fields": {"app_label": "sessions", "model": "session"}}, {"model": "contenttypes.contenttype", "pk": 7, "fields": {"app_label": "blog", "model": "blog"}}, {"model": "contenttypes.contenttype", "pk": 8, "fields": {"app_label": "blog", "model": "blogtype"}}, {"model": "contenttypes.contenttype", "pk": 9, "fields": {"app_label": "read_statistics", "model": "readnum"}}, {"model": "contenttypes.contenttype", "pk": 10, "fields": {"app_label": "read_statistics", "model": "readdetail"}}, {"model": "contenttypes.contenttype", "pk": 11, "fields": {"app_label": "comment", "model": "comment"}}, {"model": "contenttypes.contenttype", "pk": 12, "fields": {"app_label": "likes", "model": "likecount"}}, {"model": "contenttypes.contenttype", "pk": 13, "fields": {"app_label": "likes", "model": "likerecord"}}, {"model": "contenttypes.contenttype", "pk": 14, "fields": {"app_label": "user", "model": "profile"}}, {"model": "sessions.session", "pk": "090ugi4zkwabaslph70v5kyptvq8sxkw", "fields": {"session_data": "OGU2MjQyNTA1NDAwZGYzYzdlNDc4OTc0NjNjYjQyNzU0MDRmNzc3Yzp7Il9hdXRoX3VzZXJfaWQiOiIxIiwiX2F1dGhfdXNlcl9iYWNrZW5kIjoiZGphbmdvLmNvbnRyaWIuYXV0aC5iYWNrZW5kcy5Nb2RlbEJhY2tlbmQiLCJfYXV0aF91c2VyX2hhc2giOiIxYmU5NjMyZWZiNGUwOWY0MjY2MDNhNTg2NzNlZmFkZjdlZTI5MjI5In0=", "expire_date": "2018-09-05T23:59:48.717Z"}}, {"model": "sessions.session", "pk": "661tmwyvwptwny5nq54ddaxzf6zjmxx6", "fields": {"session_data": "OGU2MjQyNTA1NDAwZGYzYzdlNDc4OTc0NjNjYjQyNzU0MDRmNzc3Yzp7Il9hdXRoX3VzZXJfaWQiOiIxIiwiX2F1dGhfdXNlcl9iYWNrZW5kIjoiZGphbmdvLmNvbnRyaWIuYXV0aC5iYWNrZW5kcy5Nb2RlbEJhY2tlbmQiLCJfYXV0aF91c2VyX2hhc2giOiIxYmU5NjMyZWZiNGUwOWY0MjY2MDNhNTg2NzNlZmFkZjdlZTI5MjI5In0=", "expire_date": "2018-09-08T09:00:15.515Z"}}, {"model": "sessions.session", "pk": "c47u0j4hhsjsm5amjr67fqu6q0cpw7uw", "fields": {"session_data": "NzEwNzRlMTE3Mjc5MmEwODhmYTIwZDFlZTk1YWMzYjcxOWZiNTFkNTp7ImJpbmRfZW1haWxfY29kZSI6IjQzOTc1MCIsInNlbmRfY29kZV90aW1lIjoxNTM1MzM0NzY0LCJfYXV0aF91c2VyX2lkIjoiMSIsIl9hdXRoX3VzZXJfYmFja2VuZCI6ImRqYW5nby5jb250cmliLmF1dGguYmFja2VuZHMuTW9kZWxCYWNrZW5kIiwiX2F1dGhfdXNlcl9oYXNoIjoiODI3MWZjNmFiOTkwMjM0MjVjZjc0OWYzYjFhMWUzODBkYTBiMDNjMSJ9", "expire_date": "2018-09-10T01:53:17.627Z"}}, {"model": "sessions.session", "pk": "f5vfs0vfq84xny2x39xypa9qyogknrhe", "fields": {"session_data": "ZmFmMmRiMjFhMmNhNjQ5NWQ3OWM4M2Y2YTFiNTVjNWE0ZTEzMTk3Mjp7Il9hdXRoX3VzZXJfaWQiOiIxIiwiX2F1dGhfdXNlcl9iYWNrZW5kIjoiZGphbmdvLmNvbnRyaWIuYXV0aC5iYWNrZW5kcy5Nb2RlbEJhY2tlbmQiLCJfYXV0aF91c2VyX2hhc2giOiI4MjcxZmM2YWI5OTAyMzQyNWNmNzQ5ZjNiMWExZTM4MGRhMGIwM2MxIiwic2VuZF9jb2RlX3RpbWUiOjE1MzUzMzc5MTB9", "expire_date": "2018-09-10T02:46:11.935Z"}}, {"model": "sessions.session", "pk": "g5ivpt9ra4izfjomhhzs29jp1jtvdspt", "fields": {"session_data": "OGU2MjQyNTA1NDAwZGYzYzdlNDc4OTc0NjNjYjQyNzU0MDRmNzc3Yzp7Il9hdXRoX3VzZXJfaWQiOiIxIiwiX2F1dGhfdXNlcl9iYWNrZW5kIjoiZGphbmdvLmNvbnRyaWIuYXV0aC5iYWNrZW5kcy5Nb2RlbEJhY2tlbmQiLCJfYXV0aF91c2VyX2hhc2giOiIxYmU5NjMyZWZiNGUwOWY0MjY2MDNhNTg2NzNlZmFkZjdlZTI5MjI5In0=", "expire_date": "2018-09-06T09:08:07.508Z"}}, {"model": "sessions.session", "pk": "h4hz44m4g7aohug81rznedcddn3bgtkp", "fields": {"session_data": "OGU2MjQyNTA1NDAwZGYzYzdlNDc4OTc0NjNjYjQyNzU0MDRmNzc3Yzp7Il9hdXRoX3VzZXJfaWQiOiIxIiwiX2F1dGhfdXNlcl9iYWNrZW5kIjoiZGphbmdvLmNvbnRyaWIuYXV0aC5iYWNrZW5kcy5Nb2RlbEJhY2tlbmQiLCJfYXV0aF91c2VyX2hhc2giOiIxYmU5NjMyZWZiNGUwOWY0MjY2MDNhNTg2NzNlZmFkZjdlZTI5MjI5In0=", "expire_date": "2018-09-08T08:58:24.491Z"}}, {"model": "sessions.session", "pk": "kzlmtklgypa23k01j7wt5ee5an1s8oiw", "fields": {"session_data": "ZGRmN2MzZjRjZWFmZjVkMzcyNjE3OWI4ZTRjYzc4YjEyZTc0OWUwMjp7Il9hdXRoX3VzZXJfaWQiOiIyIiwiX2F1dGhfdXNlcl9iYWNrZW5kIjoiZGphbmdvLmNvbnRyaWIuYXV0aC5iYWNrZW5kcy5Nb2RlbEJhY2tlbmQiLCJfYXV0aF91c2VyX2hhc2giOiIwZmQwMDVlYzZiMTdhMzY4ZTBiYTFiM2VkZGMzZDM3NmUxNDEyNDhkIn0=", "expire_date": "2018-09-07T01:06:08.257Z"}}, {"model": "sessions.session", "pk": "lwtg6f83q3zp0rtiar8pz22i6ezxi3ly", "fields": {"session_data": "ZGRmN2MzZjRjZWFmZjVkMzcyNjE3OWI4ZTRjYzc4YjEyZTc0OWUwMjp7Il9hdXRoX3VzZXJfaWQiOiIyIiwiX2F1dGhfdXNlcl9iYWNrZW5kIjoiZGphbmdvLmNvbnRyaWIuYXV0aC5iYWNrZW5kcy5Nb2RlbEJhY2tlbmQiLCJfYXV0aF91c2VyX2hhc2giOiIwZmQwMDVlYzZiMTdhMzY4ZTBiYTFiM2VkZGMzZDM3NmUxNDEyNDhkIn0=", "expire_date": "2018-09-07T06:29:07.605Z"}}, {"model": "sessions.session", "pk": "zi1k9myxkwdpwzzzcumsqr2qgsu3hk9u", "fields": {"session_data": "OGU2MjQyNTA1NDAwZGYzYzdlNDc4OTc0NjNjYjQyNzU0MDRmNzc3Yzp7Il9hdXRoX3VzZXJfaWQiOiIxIiwiX2F1dGhfdXNlcl9iYWNrZW5kIjoiZGphbmdvLmNvbnRyaWIuYXV0aC5iYWNrZW5kcy5Nb2RlbEJhY2tlbmQiLCJfYXV0aF91c2VyX2hhc2giOiIxYmU5NjMyZWZiNGUwOWY0MjY2MDNhNTg2NzNlZmFkZjdlZTI5MjI5In0=", "expire_date": "2018-09-05T23:43:50.099Z"}}, {"model": "blog.blogtype", "pk": 1, "fields": {"type_name": "\u968f\u7b14"}}, {"model": "blog.blogtype", "pk": 2, "fields": {"type_name": "\u611f\u609f"}}, {"model": "blog.blogtype", "pk": 3, "fields": {"type_name": "Django"}}, {"model": "blog.blogtype", "pk": 4, "fields": {"type_name": "\u5176\u4ed6"}}, {"model": "read_statistics.readnum", "pk": 1, "fields": {"read_num": 18, "content_type": 7, "object_id": 1}}, {"model": "read_statistics.readnum", "pk": 2, "fields": {"read_num": 6, "content_type": 7, "object_id": 2}}, {"model": "read_statistics.readnum", "pk": 3, "fields": {"read_num": 8, "content_type": 7, "object_id": 3}}, {"model": "read_statistics.readnum", "pk": 4, "fields": {"read_num": 5, "content_type": 7, "object_id": 5}}, {"model": "read_statistics.readnum", "pk": 5, "fields": {"read_num": 4, "content_type": 7, "object_id": 4}}, {"model": "read_statistics.readdetail", "pk": 1, "fields": {"date": "2018-08-21", "read_num": 2, "content_type": 7, "object_id": 2}}, {"model": "read_statistics.readdetail", "pk": 2, "fields": {"date": "2018-08-23", "read_num": 1, "content_type": 7, "object_id": 5}}, {"model": "read_statistics.readdetail", "pk": 3, "fields": {"date": "2018-08-23", "read_num": 1, "content_type": 7, "object_id": 4}}, {"model": "read_statistics.readdetail", "pk": 4, "fields": {"date": "2018-08-22", "read_num": 7, "content_type": 7, "object_id": 1}}, {"model": "read_statistics.readdetail", "pk": 5, "fields": {"date": "2018-08-23", "read_num": 3, "content_type": 7, "object_id": 1}}, {"model": "read_statistics.readdetail", "pk": 6, "fields": {"date": "2018-08-21", "read_num": 5, "content_type": 7, "object_id": 1}}, {"model": "read_statistics.readdetail", "pk": 7, "fields": {"date": "2018-08-23", "read_num": 1, "content_type": 7, "object_id": 2}}, {"model": "read_statistics.readdetail", "pk": 8, "fields": {"date": "2018-08-23", "read_num": 1, "content_type": 7, "object_id": 3}}, {"model": "read_statistics.readdetail", "pk": 9, "fields": {"date": "2018-08-24", "read_num": 2, "content_type": 7, "object_id": 4}}, {"model": "read_statistics.readdetail", "pk": 10, "fields": {"date": "2018-08-24", "read_num": 2, "content_type": 7, "object_id": 3}}, {"model": "read_statistics.readdetail", "pk": 11, "fields": {"date": "2018-08-24", "read_num": 1, "content_type": 7, "object_id": 5}}, {"model": "read_statistics.readdetail", "pk": 12, "fields": {"date": "2018-08-24", "read_num": 1, "content_type": 7, "object_id": 1}}, {"model": "read_statistics.readdetail", "pk": 13, "fields": {"date": "2018-08-24", "read_num": 1, "content_type": 7, "object_id": 2}}, {"model": "read_statistics.readdetail", "pk": 14, "fields": {"date": "2018-08-25", "read_num": 2, "content_type": 7, "object_id": 3}}, {"model": "read_statistics.readdetail", "pk": 15, "fields": {"date": "2018-08-25", "read_num": 2, "content_type": 7, "object_id": 1}}, {"model": "read_statistics.readdetail", "pk": 16, "fields": {"date": "2018-08-25", "read_num": 1, "content_type": 7, "object_id": 2}}, {"model": "read_statistics.readdetail", "pk": 17, "fields": {"date": "2018-08-27", "read_num": 1, "content_type": 7, "object_id": 2}}, {"model": "read_statistics.readdetail", "pk": 18, "fields": {"date": "2018-08-27", "read_num": 1, "content_type": 7, "object_id": 3}}, {"model": "read_statistics.readdetail", "pk": 19, "fields": {"date": "2018-08-27", "read_num": 1, "content_type": 7, "object_id": 4}}, {"model": "read_statistics.readdetail", "pk": 20, "fields": {"date": "2018-08-27", "read_num": 1, "content_type": 7, "object_id": 1}}, {"model": "read_statistics.readdetail", "pk": 21, "fields": {"date": "2018-08-27", "read_num": 1, "content_type": 7, "object_id": 5}}, {"model": "likes.likecount", "pk": 1, "fields": {"content_type": 7, "object_id": 3, "liked_num": 1}}, {"model": "likes.likecount", "pk": 2, "fields": {"content_type": 7, "object_id": 5, "liked_num": 0}}, {"model": "likes.likecount", "pk": 3, "fields": {"content_type": 7, "object_id": 1, "liked_num": 0}}, {"model": "likes.likecount", "pk": 4, "fields": {"content_type": 7, "object_id": 2, "liked_num": 2}}, {"model": "likes.likecount", "pk": 5, "fields": {"content_type": 7, "object_id": 4, "liked_num": 0}}, {"model": "likes.likecount", "pk": 6, "fields": {"content_type": 11, "object_id": 19, "liked_num": 1}}, {"model": "likes.likecount", "pk": 7, "fields": {"content_type": 11, "object_id": 18, "liked_num": 1}}, {"model": "likes.likecount", "pk": 8, "fields": {"content_type": 11, "object_id": 4, "liked_num": 1}}, {"model": "likes.likecount", "pk": 9, "fields": {"content_type": 11, "object_id": 3, "liked_num": 1}}, {"model": "likes.likecount", "pk": 10, "fields": {"content_type": 11, "object_id": 97, "liked_num": 1}}, {"model": "likes.likecount", "pk": 11, "fields": {"content_type": 11, "object_id": 79, "liked_num": 0}}, {"model": "likes.likecount", "pk": 12, "fields": {"content_type": 11, "object_id": 78, "liked_num": 0}}, {"model": "likes.likecount", "pk": 13, "fields": {"content_type": 11, "object_id": 77, "liked_num": 1}}, {"model": "likes.likecount", "pk": 14, "fields": {"content_type": 11, "object_id": 74, "liked_num": 0}}, {"model": "likes.likecount", "pk": 15, "fields": {"content_type": 11, "object_id": 75, "liked_num": 0}}, {"model": "likes.likecount", "pk": 16, "fields": {"content_type": 11, "object_id": 76, "liked_num": 1}}, {"model": "likes.likecount", "pk": 17, "fields": {"content_type": 11, "object_id": 72, "liked_num": 0}}, {"model": "likes.likecount", "pk": 18, "fields": {"content_type": 11, "object_id": 51, "liked_num": 0}}, {"model": "likes.likecount", "pk": 19, "fields": {"content_type": 11, "object_id": 53, "liked_num": 1}}, {"model": "likes.likecount", "pk": 20, "fields": {"content_type": 11, "object_id": 40, "liked_num": 0}}, {"model": "likes.likecount", "pk": 21, "fields": {"content_type": 11, "object_id": 37, "liked_num": 0}}, {"model": "likes.likecount", "pk": 22, "fields": {"content_type": 11, "object_id": 36, "liked_num": 0}}, {"model": "likes.likecount", "pk": 23, "fields": {"content_type": 11, "object_id": 35, "liked_num": 0}}, {"model": "likes.likecount", "pk": 24, "fields": {"content_type": 11, "object_id": 34, "liked_num": 0}}, {"model": "likes.likecount", "pk": 25, "fields": {"content_type": 11, "object_id": 33, "liked_num": 0}}, {"model": "likes.likecount", "pk": 26, "fields": {"content_type": 11, "object_id": 32, "liked_num": 0}}, {"model": "likes.likecount", "pk": 27, "fields": {"content_type": 11, "object_id": 31, "liked_num": 0}}, {"model": "likes.likecount", "pk": 28, "fields": {"content_type": 11, "object_id": 30, "liked_num": 0}}, {"model": "likes.likecount", "pk": 29, "fields": {"content_type": 11, "object_id": 29, "liked_num": 0}}, {"model": "likes.likecount", "pk": 30, "fields": {"content_type": 11, "object_id": 28, "liked_num": 0}}, {"model": "likes.likecount", "pk": 31, "fields": {"content_type": 11, "object_id": 27, "liked_num": 0}}, {"model": "likes.likecount", "pk": 32, "fields": {"content_type": 11, "object_id": 26, "liked_num": 0}}, {"model": "likes.likecount", "pk": 33, "fields": {"content_type": 11, "object_id": 25, "liked_num": 0}}, {"model": "likes.likecount", "pk": 34, "fields": {"content_type": 11, "object_id": 24, "liked_num": 0}}, {"model": "likes.likecount", "pk": 35, "fields": {"content_type": 11, "object_id": 23, "liked_num": 0}}, {"model": "likes.likecount", "pk": 36, "fields": {"content_type": 11, "object_id": 22, "liked_num": 0}}, {"model": "likes.likecount", "pk": 37, "fields": {"content_type": 11, "object_id": 21, "liked_num": 0}}, {"model": "likes.likecount", "pk": 38, "fields": {"content_type": 11, "object_id": 20, "liked_num": 0}}, {"model": "likes.likecount", "pk": 39, "fields": {"content_type": 11, "object_id": 17, "liked_num": 0}}, {"model": "likes.likecount", "pk": 40, "fields": {"content_type": 11, "object_id": 16, "liked_num": 0}}, {"model": "likes.likecount", "pk": 41, "fields": {"content_type": 11, "object_id": 15, "liked_num": 0}}, {"model": "likes.likecount", "pk": 42, "fields": {"content_type": 11, "object_id": 14, "liked_num": 0}}, {"model": "likes.likecount", "pk": 43, "fields": {"content_type": 11, "object_id": 12, "liked_num": 0}}, {"model": "likes.likecount", "pk": 44, "fields": {"content_type": 11, "object_id": 11, "liked_num": 0}}, {"model": "likes.likecount", "pk": 45, "fields": {"content_type": 11, "object_id": 10, "liked_num": 1}}, {"model": "likes.likecount", "pk": 46, "fields": {"content_type": 11, "object_id": 9, "liked_num": 0}}, {"model": "likes.likecount", "pk": 47, "fields": {"content_type": 11, "object_id": 8, "liked_num": 0}}, {"model": "likes.likecount", "pk": 48, "fields": {"content_type": 11, "object_id": 7, "liked_num": 0}}, {"model": "likes.likecount", "pk": 49, "fields": {"content_type": 11, "object_id": 6, "liked_num": 0}}, {"model": "likes.likecount", "pk": 50, "fields": {"content_type": 11, "object_id": 5, "liked_num": 0}}, {"model": "likes.likecount", "pk": 51, "fields": {"content_type": 11, "object_id": 98, "liked_num": 1}}, {"model": "likes.likecount", "pk": 52, "fields": {"content_type": 11, "object_id": 99, "liked_num": 1}}, {"model": "likes.likecount", "pk": 53, "fields": {"content_type": 11, "object_id": 100, "liked_num": 1}}, {"model": "likes.likecount", "pk": 54, "fields": {"content_type": 11, "object_id": 101, "liked_num": 1}}, {"model": "likes.likecount", "pk": 55, "fields": {"content_type": 11, "object_id": 102, "liked_num": 1}}, {"model": "likes.likecount", "pk": 56, "fields": {"content_type": 11, "object_id": 49, "liked_num": 1}}, {"model": "likes.likecount", "pk": 57, "fields": {"content_type": 11, "object_id": 103, "liked_num": 1}}, {"model": "likes.likecount", "pk": 58, "fields": {"content_type": 11, "object_id": 104, "liked_num": 1}}, {"model": "likes.likecount", "pk": 59, "fields": {"content_type": 11, "object_id": 106, "liked_num": 0}}, {"model": "likes.likecount", "pk": 60, "fields": {"content_type": 11, "object_id": 107, "liked_num": 0}}, {"model": "likes.likecount", "pk": 61, "fields": {"content_type": 11, "object_id": 105, "liked_num": 0}}, {"model": "likes.likecount", "pk": 62, "fields": {"content_type": 11, "object_id": 108, "liked_num": 0}}, {"model": "likes.likecount", "pk": 63, "fields": {"content_type": 11, "object_id": 109, "liked_num": 0}}, {"model": "likes.likecount", "pk": 64, "fields": {"content_type": 11, "object_id": 96, "liked_num": 0}}, {"model": "likes.likecount", "pk": 65, "fields": {"content_type": 11, "object_id": 93, "liked_num": 0}}, {"model": "likes.likecount", "pk": 66, "fields": {"content_type": 11, "object_id": 94, "liked_num": 0}}, {"model": "likes.likecount", "pk": 67, "fields": {"content_type": 11, "object_id": 95, "liked_num": 0}}, {"model": "likes.likecount", "pk": 68, "fields": {"content_type": 11, "object_id": 92, "liked_num": 0}}, {"model": "likes.likecount", "pk": 69, "fields": {"content_type": 11, "object_id": 91, "liked_num": 0}}, {"model": "likes.likecount", "pk": 70, "fields": {"content_type": 11, "object_id": 88, "liked_num": 0}}, {"model": "likes.likecount", "pk": 71, "fields": {"content_type": 11, "object_id": 89, "liked_num": 0}}, {"model": "likes.likecount", "pk": 72, "fields": {"content_type": 11, "object_id": 90, "liked_num": 0}}, {"model": "likes.likecount", "pk": 73, "fields": {"content_type": 11, "object_id": 86, "liked_num": 0}}, {"model": "likes.likecount", "pk": 74, "fields": {"content_type": 11, "object_id": 87, "liked_num": 0}}, {"model": "likes.likecount", "pk": 75, "fields": {"content_type": 11, "object_id": 50, "liked_num": 0}}, {"model": "likes.likecount", "pk": 76, "fields": {"content_type": 11, "object_id": 48, "liked_num": 0}}, {"model": "likes.likecount", "pk": 77, "fields": {"content_type": 11, "object_id": 47, "liked_num": 0}}, {"model": "likes.likecount", "pk": 78, "fields": {"content_type": 11, "object_id": 46, "liked_num": 0}}, {"model": "likes.likecount", "pk": 79, "fields": {"content_type": 11, "object_id": 65, "liked_num": 0}}, {"model": "likes.likecount", "pk": 80, "fields": {"content_type": 11, "object_id": 64, "liked_num": 0}}, {"model": "likes.likecount", "pk": 81, "fields": {"content_type": 11, "object_id": 62, "liked_num": 0}}, {"model": "likes.likecount", "pk": 82, "fields": {"content_type": 11, "object_id": 45, "liked_num": 0}}, {"model": "likes.likecount", "pk": 83, "fields": {"content_type": 11, "object_id": 44, "liked_num": 0}}, {"model": "likes.likecount", "pk": 84, "fields": {"content_type": 11, "object_id": 43, "liked_num": 0}}, {"model": "likes.likecount", "pk": 85, "fields": {"content_type": 11, "object_id": 42, "liked_num": 0}}, {"model": "likes.likecount", "pk": 86, "fields": {"content_type": 11, "object_id": 41, "liked_num": 0}}, {"model": "likes.likecount", "pk": 87, "fields": {"content_type": 11, "object_id": 39, "liked_num": 0}}, {"model": "likes.likecount", "pk": 88, "fields": {"content_type": 11, "object_id": 38, "liked_num": 0}}, {"model": "likes.likecount", "pk": 89, "fields": {"content_type": 11, "object_id": 111, "liked_num": 1}}, {"model": "likes.likecount", "pk": 90, "fields": {"content_type": 11, "object_id": 110, "liked_num": 0}}, {"model": "auth.permission", "pk": 1, "fields": {"name": "Can add log entry", "content_type": 1, "codename": "add_logentry"}}, {"model": "auth.permission", "pk": 2, "fields": {"name": "Can change log entry", "content_type": 1, "codename": "change_logentry"}}, {"model": "auth.permission", "pk": 3, "fields": {"name": "Can delete log entry", "content_type": 1, "codename": "delete_logentry"}}, {"model": "auth.permission", "pk": 4, "fields": {"name": "Can add permission", "content_type": 2, "codename": "add_permission"}}, {"model": "auth.permission", "pk": 5, "fields": {"name": "Can change permission", "content_type": 2, "codename": "change_permission"}}, {"model": "auth.permission", "pk": 6, "fields": {"name": "Can delete permission", "content_type": 2, "codename": "delete_permission"}}, {"model": "auth.permission", "pk": 7, "fields": {"name": "Can add group", "content_type": 3, "codename": "add_group"}}, {"model": "auth.permission", "pk": 8, "fields": {"name": "Can change group", "content_type": 3, "codename": "change_group"}}, {"model": "auth.permission", "pk": 9, "fields": {"name": "Can delete group", "content_type": 3, "codename": "delete_group"}}, {"model": "auth.permission", "pk": 10, "fields": {"name": "Can add user", "content_type": 4, "codename": "add_user"}}, {"model": "auth.permission", "pk": 11, "fields": {"name": "Can change user", "content_type": 4, "codename": "change_user"}}, {"model": "auth.permission", "pk": 12, "fields": {"name": "Can delete user", "content_type": 4, "codename": "delete_user"}}, {"model": "auth.permission", "pk": 13, "fields": {"name": "Can add content type", "content_type": 5, "codename": "add_contenttype"}}, {"model": "auth.permission", "pk": 14, "fields": {"name": "Can change content type", "content_type": 5, "codename": "change_contenttype"}}, {"model": "auth.permission", "pk": 15, "fields": {"name": "Can delete content type", "content_type": 5, "codename": "delete_contenttype"}}, {"model": "auth.permission", "pk": 16, "fields": {"name": "Can add session", "content_type": 6, "codename": "add_session"}}, {"model": "auth.permission", "pk": 17, "fields": {"name": "Can change session", "content_type": 6, "codename": "change_session"}}, {"model": "auth.permission", "pk": 18, "fields": {"name": "Can delete session", "content_type": 6, "codename": "delete_session"}}, {"model": "auth.permission", "pk": 19, "fields": {"name": "Can add blog", "content_type": 7, "codename": "add_blog"}}, {"model": "auth.permission", "pk": 20, "fields": {"name": "Can change blog", "content_type": 7, "codename": "change_blog"}}, {"model": "auth.permission", "pk": 21, "fields": {"name": "Can delete blog", "content_type": 7, "codename": "delete_blog"}}, {"model": "auth.permission", "pk": 22, "fields": {"name": "Can add blog type", "content_type": 8, "codename": "add_blogtype"}}, {"model": "auth.permission", "pk": 23, "fields": {"name": "Can change blog type", "content_type": 8, "codename": "change_blogtype"}}, {"model": "auth.permission", "pk": 24, "fields": {"name": "Can delete blog type", "content_type": 8, "codename": "delete_blogtype"}}, {"model": "auth.permission", "pk": 25, "fields": {"name": "Can add read num", "content_type": 9, "codename": "add_readnum"}}, {"model": "auth.permission", "pk": 26, "fields": {"name": "Can change read num", "content_type": 9, "codename": "change_readnum"}}, {"model": "auth.permission", "pk": 27, "fields": {"name": "Can delete read num", "content_type": 9, "codename": "delete_readnum"}}, {"model": "auth.permission", "pk": 28, "fields": {"name": "Can add read detail", "content_type": 10, "codename": "add_readdetail"}}, {"model": "auth.permission", "pk": 29, "fields": {"name": "Can change read detail", "content_type": 10, "codename": "change_readdetail"}}, {"model": "auth.permission", "pk": 30, "fields": {"name": "Can delete read detail", "content_type": 10, "codename": "delete_readdetail"}}, {"model": "auth.permission", "pk": 31, "fields": {"name": "Can add comment", "content_type": 11, "codename": "add_comment"}}, {"model": "auth.permission", "pk": 32, "fields": {"name": "Can change comment", "content_type": 11, "codename": "change_comment"}}, {"model": "auth.permission", "pk": 33, "fields": {"name": "Can delete comment", "content_type": 11, "codename": "delete_comment"}}, {"model": "auth.permission", "pk": 34, "fields": {"name": "Can add like count", "content_type": 12, "codename": "add_likecount"}}, {"model": "auth.permission", "pk": 35, "fields": {"name": "Can change like count", "content_type": 12, "codename": "change_likecount"}}, {"model": "auth.permission", "pk": 36, "fields": {"name": "Can delete like count", "content_type": 12, "codename": "delete_likecount"}}, {"model": "auth.permission", "pk": 37, "fields": {"name": "Can add like recode", "content_type": 13, "codename": "add_likerecode"}}, {"model": "auth.permission", "pk": 38, "fields": {"name": "Can change like recode", "content_type": 13, "codename": "change_likerecode"}}, {"model": "auth.permission", "pk": 39, "fields": {"name": "Can delete like recode", "content_type": 13, "codename": "delete_likerecode"}}, {"model": "auth.permission", "pk": 40, "fields": {"name": "Can add like record", "content_type": 13, "codename": "add_likerecord"}}, {"model": "auth.permission", "pk": 41, "fields": {"name": "Can change like record", "content_type": 13, "codename": "change_likerecord"}}, {"model": "auth.permission", "pk": 42, "fields": {"name": "Can delete like record", "content_type": 13, "codename": "delete_likerecord"}}, {"model": "auth.permission", "pk": 43, "fields": {"name": "Can add profile", "content_type": 14, "codename": "add_profile"}}, {"model": "auth.permission", "pk": 44, "fields": {"name": "Can change profile", "content_type": 14, "codename": "change_profile"}}, {"model": "auth.permission", "pk": 45, "fields": {"name": "Can delete profile", "content_type": 14, "codename": "delete_profile"}}, {"model": "auth.user", "pk": 1, "fields": {"password": "pbkdf2_sha256$100000$SHVN4kgqnNaY$+fktJ2mUQhKYSURwZ8UIwRPCU5jhLJghTIjWCNWElfM=", "last_login": "2018-08-27T01:57:00Z", "is_superuser": true, "username": "able", "first_name": "", "last_name": "", "email": "", "is_staff": true, "is_active": true, "date_joined": "2018-08-22T23:43:00Z", "groups": [], "user_permissions": []}}, {"model": "auth.user", "pk": 2, "fields": {"password": "pbkdf2_sha256$100000$ZrNAMF7XbwT5$be1q8f6vgXwckeyNvdCL+68R1mdmNIh9dO/3Uk/taCA=", "last_login": "2018-08-27T00:48:22.514Z", "is_superuser": false, "username": "able1", "first_name": "", "last_name": "", "email": "1@1.com", "is_staff": false, "is_active": true, "date_joined": "2018-08-24T01:06:07.947Z", "groups": [], "user_permissions": []}}, {"model": "auth.user", "pk": 3, "fields": {"password": "pbkdf2_sha256$100000$iKoCxs43SQMc$izwGthujq8qSu+kDm0H3h2V1F3zrGzcEV3s6jc+GuyI=", "last_login": "2018-08-26T23:45:00Z", "is_superuser": false, "username": "able2", "first_name": "", "last_name": "", "email": "", "is_staff": false, "is_active": true, "date_joined": "2018-08-26T23:45:00Z", "groups": [], "user_permissions": []}}, {"model": "blog.blog", "pk": 1, "fields": {"title": "\u7b2c\u4e00\u7bc7\u535a\u5ba2 \u968f\u7b14", "blog_type": 1, "content": "<p>\u7b2c\u4e00\u7bc7\u535a\u5ba2\u7b2c\u4e00\u7bc7\u535a\u5ba2 \u968f\u7b14\u7b2c\u4e00\u7bc7\u535a\u5ba2 \u968f\u7b14</p>", "author": 1, "created_time": "2018-08-22T23:45:07.348Z", "last_updated_time": "2018-08-22T23:45:07.348Z"}}, {"model": "blog.blog", "pk": 2, "fields": {"title": "\u7b2c2\u7bc7\u535a\u5ba2 \u968f\u7b14", "blog_type": 1, "content": "<p>\u7b2c\u4e00\u7bc7\u535a\u5ba2 \u968f\u7b14\u7b2c\u4e00\u7bc7\u535a\u5ba2 \u968f\u7b14\u7b2c\u4e00\u7bc7\u535a\u5ba2 \u968f\u7b14</p>", "author": 1, "created_time": "2018-08-22T23:45:17.405Z", "last_updated_time": "2018-08-22T23:45:17.405Z"}}, {"model": "blog.blog", "pk": 3, "fields": {"title": "\u7b2c4\u7bc7\u535a\u5ba2 \u611f\u609f", "blog_type": 2, "content": "<p>\u7b2c3\u7bc7\u535a\u5ba2 \u611f\u609f\u7b2c3\u7bc7\u535a\u5ba2 \u611f\u609f\u7b2c3\u7bc7\u535a\u5ba2 \u611f\u609f\u7b2c3\u7bc7\u535a\u5ba2 \u611f\u609f</p>", "author": 1, "created_time": "2018-08-22T23:45:39.563Z", "last_updated_time": "2018-08-22T23:45:39.563Z"}}, {"model": "blog.blog", "pk": 4, "fields": {"title": "\u7b2c4\u7bc7\u535a\u5ba2 Django", "blog_type": 3, "content": "<p>\u7b2c4\u7bc7\u535a\u5ba2 Django</p>", "author": 1, "created_time": "2018-08-22T23:45:57.238Z", "last_updated_time": "2018-08-22T23:45:57.238Z"}}, {"model": "blog.blog", "pk": 5, "fields": {"title": "\u7b2c5\u7bc7 \u5176\u4ed6", "blog_type": 4, "content": "<p>\u7b2c5\u7bc7 \u5176\u4ed6\u7b2c5\u7bc7 \u5176\u4ed6\u7b2c5\u7bc7 \u5176\u4ed6\u7b2c5\u7bc7 \u5176\u4ed6</p>", "author": 1, "created_time": "2018-08-22T23:46:13.547Z", "last_updated_time": "2018-08-22T23:46:13.547Z"}}, {"model": "comment.comment", "pk": 3, "fields": {"content_type": 7, "object_id": 2, "text": "                    456", "comment_time": "2018-08-23T09:42:06.696Z", "user": 1, "root": null, "parent": null, "reply_to": null}}, {"model": "comment.comment", "pk": 4, "fields": {"content_type": 7, "object_id": 2, "text": "                    9000", "comment_time": "2018-08-23T09:46:32.201Z", "user": 1, "root": null, "parent": null, "reply_to": null}}, {"model": "comment.comment", "pk": 5, "fields": {"content_type": 7, "object_id": 1, "text": "111", "comment_time": "2018-08-24T01:47:24.584Z", "user": 2, "root": null, "parent": null, "reply_to": null}}, {"model": "comment.comment", "pk": 6, "fields": {"content_type": 7, "object_id": 1, "text": "222", "comment_time": "2018-08-24T01:47:28.548Z", "user": 2, "root": null, "parent": null, "reply_to": null}}, {"model": "comment.comment", "pk": 7, "fields": {"content_type": 7, "object_id": 1, "text": "456", "comment_time": "2018-08-24T01:47:32.145Z", "user": 2, "root": null, "parent": null, "reply_to": null}}, {"model": "comment.comment", "pk": 8, "fields": {"content_type": 7, "object_id": 1, "text": "fa", "comment_time": "2018-08-24T02:19:12.226Z", "user": 2, "root": null, "parent": null, "reply_to": null}}, {"model": "comment.comment", "pk": 9, "fields": {"content_type": 7, "object_id": 1, "text": "222", "comment_time": "2018-08-24T02:19:15.110Z", "user": 2, "root": null, "parent": null, "reply_to": null}}, {"model": "comment.comment", "pk": 10, "fields": {"content_type": 7, "object_id": 1, "text": "<p>asdfasdf</p>", "comment_time": "2018-08-24T03:02:19.351Z", "user": 1, "root": null, "parent": null, "reply_to": null}}, {"model": "comment.comment", "pk": 11, "fields": {"content_type": 7, "object_id": 1, "text": "<p>1</p>", "comment_time": "2018-08-24T05:24:56.448Z", "user": 1, "root": null, "parent": null, "reply_to": null}}, {"model": "comment.comment", "pk": 12, "fields": {"content_type": 7, "object_id": 1, "text": "<p>2</p>", "comment_time": "2018-08-24T05:25:02.147Z", "user": 1, "root": null, "parent": null, "reply_to": null}}, {"model": "comment.comment", "pk": 14, "fields": {"content_type": 7, "object_id": 1, "text": "<p>dsfasdf<img alt=\"laugh\" height=\"23\" src=\"http://127.0.0.1:8000/static/ckeditor/ckeditor/plugins/smiley/images/teeth_smile.png\" title=\"laugh\" width=\"23\" /></p>", "comment_time": "2018-08-24T05:28:20.186Z", "user": 1, "root": null, "parent": null, "reply_to": null}}, {"model": "comment.comment", "pk": 15, "fields": {"content_type": 7, "object_id": 1, "text": "<p>dsfasdf<img alt=\"laugh\" height=\"23\" src=\"http://127.0.0.1:8000/static/ckeditor/ckeditor/plugins/smiley/images/teeth_smile.png\" title=\"laugh\" width=\"23\" /></p>", "comment_time": "2018-08-24T05:28:43.337Z", "user": 1, "root": null, "parent": null, "reply_to": null}}, {"model": "comment.comment", "pk": 16, "fields": {"content_type": 7, "object_id": 1, "text": "<p>sdf</p>", "comment_time": "2018-08-24T05:28:57.018Z", "user": 1, "root": null, "parent": null, "reply_to": null}}, {"model": "comment.comment", "pk": 17, "fields": {"content_type": 7, "object_id": 1, "text": "<p>1</p>", "comment_time": "2018-08-24T05:33:13.270Z", "user": 1, "root": null, "parent": null, "reply_to": null}}, {"model": "comment.comment", "pk": 18, "fields": {"content_type": 7, "object_id": 2, "text": "<p>asdfsdf</p>", "comment_time": "2018-08-24T05:39:32.509Z", "user": 1, "root": null, "parent": null, "reply_to": null}}, {"model": "comment.comment", "pk": 19, "fields": {"content_type": 7, "object_id": 2, "text": "<p>asdf</p>", "comment_time": "2018-08-24T05:48:51.259Z", "user": 1, "root": null, "parent": null, "reply_to": null}}, {"model": "comment.comment", "pk": 20, "fields": {"content_type": 7, "object_id": 1, "text": "<p>asdf</p>", "comment_time": "2018-08-24T05:52:31.249Z", "user": 1, "root": null, "parent": null, "reply_to": null}}, {"model": "comment.comment", "pk": 21, "fields": {"content_type": 7, "object_id": 1, "text": "<p>1</p>", "comment_time": "2018-08-24T05:52:47.871Z", "user": 2, "root": null, "parent": null, "reply_to": null}}, {"model": "comment.comment", "pk": 22, "fields": {"content_type": 7, "object_id": 1, "text": "<p>sdf</p>", "comment_time": "2018-08-24T05:53:16.852Z", "user": 2, "root": null, "parent": null, "reply_to": null}}, {"model": "comment.comment", "pk": 23, "fields": {"content_type": 7, "object_id": 1, "text": "<p>sdfsfdasd</p>", "comment_time": "2018-08-24T05:53:35.300Z", "user": 2, "root": null, "parent": null, "reply_to": null}}, {"model": "comment.comment", "pk": 24, "fields": {"content_type": 7, "object_id": 1, "text": "<p>sdfsfdasd</p>", "comment_time": "2018-08-24T05:53:39.651Z", "user": 2, "root": null, "parent": null, "reply_to": null}}, {"model": "comment.comment", "pk": 25, "fields": {"content_type": 7, "object_id": 1, "text": "<p>5</p>", "comment_time": "2018-08-24T05:54:00.226Z", "user": 2, "root": null, "parent": null, "reply_to": null}}, {"model": "comment.comment", "pk": 26, "fields": {"content_type": 7, "object_id": 1, "text": "<p>5</p>", "comment_time": "2018-08-24T05:54:10.429Z", "user": 2, "root": null, "parent": null, "reply_to": null}}, {"model": "comment.comment", "pk": 27, "fields": {"content_type": 7, "object_id": 1, "text": "<p>5</p>", "comment_time": "2018-08-24T05:54:38.668Z", "user": 2, "root": null, "parent": null, "reply_to": null}}, {"model": "comment.comment", "pk": 28, "fields": {"content_type": 7, "object_id": 1, "text": "<p>1</p>", "comment_time": "2018-08-24T05:55:13.585Z", "user": 2, "root": null, "parent": null, "reply_to": null}}, {"model": "comment.comment", "pk": 29, "fields": {"content_type": 7, "object_id": 1, "text": "<p>2</p>", "comment_time": "2018-08-24T05:55:22.083Z", "user": 2, "root": null, "parent": null, "reply_to": null}}, {"model": "comment.comment", "pk": 30, "fields": {"content_type": 7, "object_id": 1, "text": "<p>2</p>", "comment_time": "2018-08-24T05:55:23.407Z", "user": 2, "root": null, "parent": null, "reply_to": null}}, {"model": "comment.comment", "pk": 31, "fields": {"content_type": 7, "object_id": 1, "text": "<p>2</p>", "comment_time": "2018-08-24T05:56:56.005Z", "user": 2, "root": null, "parent": null, "reply_to": null}}, {"model": "comment.comment", "pk": 32, "fields": {"content_type": 7, "object_id": 1, "text": "<p>&lt;&gt;hi</p>", "comment_time": "2018-08-24T05:57:09.762Z", "user": 2, "root": null, "parent": null, "reply_to": null}}, {"model": "comment.comment", "pk": 33, "fields": {"content_type": 7, "object_id": 1, "text": "<p>2</p>", "comment_time": "2018-08-24T05:57:16.147Z", "user": 2, "root": null, "parent": null, "reply_to": null}}, {"model": "comment.comment", "pk": 34, "fields": {"content_type": 7, "object_id": 1, "text": "<p>2</p>", "comment_time": "2018-08-24T05:58:12.602Z", "user": 2, "root": null, "parent": null, "reply_to": null}}, {"model": "comment.comment", "pk": 35, "fields": {"content_type": 7, "object_id": 1, "text": "<p>s</p>", "comment_time": "2018-08-24T05:59:11.323Z", "user": 2, "root": null, "parent": null, "reply_to": null}}, {"model": "comment.comment", "pk": 36, "fields": {"content_type": 7, "object_id": 1, "text": "<p>s</p>", "comment_time": "2018-08-24T05:59:19.459Z", "user": 2, "root": null, "parent": null, "reply_to": null}}, {"model": "comment.comment", "pk": 37, "fields": {"content_type": 7, "object_id": 1, "text": "<p>&nbsp; &nbsp;&nbsp;</p>", "comment_time": "2018-08-24T06:12:45.785Z", "user": 2, "root": null, "parent": null, "reply_to": null}}, {"model": "comment.comment", "pk": 38, "fields": {"content_type": 7, "object_id": 5, "text": "<p>1</p>", "comment_time": "2018-08-24T06:22:30.185Z", "user": 1, "root": null, "parent": null, "reply_to": null}}, {"model": "comment.comment", "pk": 39, "fields": {"content_type": 7, "object_id": 5, "text": "<p>asdf</p>", "comment_time": "2018-08-24T06:27:11.658Z", "user": 1, "root": null, "parent": null, "reply_to": null}}, {"model": "comment.comment", "pk": 40, "fields": {"content_type": 7, "object_id": 1, "text": "<p>1</p>", "comment_time": "2018-08-24T06:29:11.605Z", "user": 2, "root": null, "parent": null, "reply_to": null}}, {"model": "comment.comment", "pk": 41, "fields": {"content_type": 7, "object_id": 5, "text": "<p>&nbsp;</p>\r\n\r\n<p>&nbsp;</p>\r\n\r\n<p>s</p>", "comment_time": "2018-08-24T06:31:33.644Z", "user": 2, "root": null, "parent": null, "reply_to": null}}, {"model": "comment.comment", "pk": 42, "fields": {"content_type": 7, "object_id": 5, "text": "<p>s</p>", "comment_time": "2018-08-24T06:31:37.870Z", "user": 2, "root": null, "parent": null, "reply_to": null}}, {"model": "comment.comment", "pk": 43, "fields": {"content_type": 7, "object_id": 5, "text": "<p>\u963f\u65af\u987f\u53d1</p>", "comment_time": "2018-08-24T06:35:43.306Z", "user": 2, "root": null, "parent": null, "reply_to": null}}, {"model": "comment.comment", "pk": 44, "fields": {"content_type": 7, "object_id": 5, "text": "<p>\u963f\u65af\u987f\u53d1</p>", "comment_time": "2018-08-24T06:35:53.085Z", "user": 2, "root": null, "parent": null, "reply_to": null}}, {"model": "comment.comment", "pk": 45, "fields": {"content_type": 7, "object_id": 5, "text": "<p>asdf</p>", "comment_time": "2018-08-24T06:37:01.124Z", "user": 2, "root": null, "parent": null, "reply_to": null}}, {"model": "comment.comment", "pk": 46, "fields": {"content_type": 7, "object_id": 4, "text": "<p>a</p>", "comment_time": "2018-08-24T06:37:17.815Z", "user": 2, "root": null, "parent": null, "reply_to": null}}, {"model": "comment.comment", "pk": 47, "fields": {"content_type": 7, "object_id": 4, "text": "<p>a</p>", "comment_time": "2018-08-24T06:38:38.051Z", "user": 2, "root": null, "parent": null, "reply_to": null}}, {"model": "comment.comment", "pk": 48, "fields": {"content_type": 7, "object_id": 4, "text": "<p>b</p>", "comment_time": "2018-08-24T06:38:40.839Z", "user": 2, "root": null, "parent": null, "reply_to": null}}, {"model": "comment.comment", "pk": 49, "fields": {"content_type": 7, "object_id": 3, "text": "<p>b</p>", "comment_time": "2018-08-24T06:38:50.988Z", "user": 2, "root": null, "parent": null, "reply_to": null}}, {"model": "comment.comment", "pk": 50, "fields": {"content_type": 7, "object_id": 4, "text": "<p><span style=\"background-color:#2ecc71\"><img alt=\"devil\" height=\"23\" src=\"http://127.0.0.1:8000/static/ckeditor/ckeditor/plugins/smiley/images/devil_smile.png\" title=\"devil\" width=\"23\" /></span></p>", "comment_time": "2018-08-24T06:40:58.951Z", "user": 2, "root": null, "parent": null, "reply_to": null}}, {"model": "comment.comment", "pk": 51, "fields": {"content_type": 7, "object_id": 1, "text": "\u56de\u590d1", "comment_time": "2018-08-24T07:35:42.404Z", "user": 1, "root": null, "parent": null, "reply_to": null}}, {"model": "comment.comment", "pk": 52, "fields": {"content_type": 7, "object_id": 1, "text": "\u554a\u554a\u554a\u554a\u554a", "comment_time": "2018-08-24T07:39:59.079Z", "user": 1, "root": null, "parent": 44, "reply_to": null}}, {"model": "comment.comment", "pk": 53, "fields": {"content_type": 7, "object_id": 1, "text": "**** 111****", "comment_time": "2018-08-24T09:24:08.426Z", "user": 1, "root": 51, "parent": 51, "reply_to": 1}}, {"model": "comment.comment", "pk": 54, "fields": {"content_type": 7, "object_id": 1, "text": "<p>123</p>", "comment_time": "2018-08-24T10:22:48.113Z", "user": 1, "root": 53, "parent": 53, "reply_to": 1}}, {"model": "comment.comment", "pk": 55, "fields": {"content_type": 7, "object_id": 1, "text": "<p>1q1231</p>", "comment_time": "2018-08-24T10:22:56.294Z", "user": 1, "root": null, "parent": 40, "reply_to": 2}}, {"model": "comment.comment", "pk": 56, "fields": {"content_type": 7, "object_id": 5, "text": "<p>sd</p>", "comment_time": "2018-08-24T11:31:36.298Z", "user": 1, "root": null, "parent": 43, "reply_to": 2}}, {"model": "comment.comment", "pk": 57, "fields": {"content_type": 7, "object_id": 5, "text": "<p>1</p>", "comment_time": "2018-08-24T11:33:24.024Z", "user": 1, "root": null, "parent": 45, "reply_to": 2}}, {"model": "comment.comment", "pk": 58, "fields": {"content_type": 7, "object_id": 5, "text": "<p>1</p>", "comment_time": "2018-08-24T11:33:33.010Z", "user": 1, "root": null, "parent": 45, "reply_to": 2}}, {"model": "comment.comment", "pk": 59, "fields": {"content_type": 7, "object_id": 5, "text": "<p>33</p>", "comment_time": "2018-08-24T11:33:51.354Z", "user": 1, "root": null, "parent": 43, "reply_to": 2}}, {"model": "comment.comment", "pk": 60, "fields": {"content_type": 7, "object_id": 5, "text": "<p>44</p>", "comment_time": "2018-08-24T11:34:06.796Z", "user": 1, "root": null, "parent": 44, "reply_to": 2}}, {"model": "comment.comment", "pk": 61, "fields": {"content_type": 7, "object_id": 5, "text": "<p>asdf</p>", "comment_time": "2018-08-24T11:36:30.745Z", "user": 1, "root": null, "parent": 45, "reply_to": 2}}, {"model": "comment.comment", "pk": 62, "fields": {"content_type": 7, "object_id": 5, "text": "<p>aaaa</p>", "comment_time": "2018-08-24T11:37:31.484Z", "user": 1, "root": null, "parent": null, "reply_to": null}}, {"model": "comment.comment", "pk": 63, "fields": {"content_type": 7, "object_id": 5, "text": "<p>bbb</p>", "comment_time": "2018-08-24T11:37:39.590Z", "user": 1, "root": null, "parent": 62, "reply_to": 1}}, {"model": "comment.comment", "pk": 64, "fields": {"content_type": 7, "object_id": 5, "text": "<p>bbbb</p>", "comment_time": "2018-08-24T11:38:15.436Z", "user": 1, "root": null, "parent": null, "reply_to": null}}, {"model": "comment.comment", "pk": 65, "fields": {"content_type": 7, "object_id": 5, "text": "<p>ccc</p>", "comment_time": "2018-08-24T11:38:20.897Z", "user": 1, "root": null, "parent": null, "reply_to": null}}, {"model": "comment.comment", "pk": 66, "fields": {"content_type": 7, "object_id": 5, "text": "<p>dddd</p>", "comment_time": "2018-08-24T11:38:24.820Z", "user": 1, "root": null, "parent": 65, "reply_to": 1}}, {"model": "comment.comment", "pk": 67, "fields": {"content_type": 7, "object_id": 1, "text": "<p>222</p>", "comment_time": "2018-08-24T11:41:51.131Z", "user": 1, "root": 53, "parent": 53, "reply_to": 1}}, {"model": "comment.comment", "pk": 68, "fields": {"content_type": 7, "object_id": 1, "text": "<p>2</p>", "comment_time": "2018-08-24T11:42:50.171Z", "user": 1, "root": null, "parent": 40, "reply_to": 2}}, {"model": "comment.comment", "pk": 69, "fields": {"content_type": 7, "object_id": 1, "text": "<p>2</p>", "comment_time": "2018-08-24T11:45:15.342Z", "user": 1, "root": null, "parent": 40, "reply_to": 2}}, {"model": "comment.comment", "pk": 70, "fields": {"content_type": 7, "object_id": 1, "text": "<p>2</p>", "comment_time": "2018-08-24T11:47:18.096Z", "user": 1, "root": null, "parent": 40, "reply_to": 2}}, {"model": "comment.comment", "pk": 71, "fields": {"content_type": 7, "object_id": 1, "text": "<p>23223</p>", "comment_time": "2018-08-24T11:47:28.400Z", "user": 1, "root": null, "parent": 40, "reply_to": 2}}, {"model": "comment.comment", "pk": 72, "fields": {"content_type": 7, "object_id": 1, "text": "<p>fffffffff</p>", "comment_time": "2018-08-24T11:47:40.335Z", "user": 1, "root": null, "parent": null, "reply_to": null}}, {"model": "comment.comment", "pk": 73, "fields": {"content_type": 7, "object_id": 1, "text": "<p>asdf</p>", "comment_time": "2018-08-24T11:47:46.616Z", "user": 1, "root": null, "parent": 72, "reply_to": 1}}, {"model": "comment.comment", "pk": 74, "fields": {"content_type": 7, "object_id": 1, "text": "<p>12</p>", "comment_time": "2018-08-24T11:48:49.870Z", "user": 1, "root": null, "parent": null, "reply_to": null}}, {"model": "comment.comment", "pk": 75, "fields": {"content_type": 7, "object_id": 1, "text": "<p>23</p>", "comment_time": "2018-08-24T11:48:53.587Z", "user": 1, "root": 74, "parent": 74, "reply_to": 1}}, {"model": "comment.comment", "pk": 76, "fields": {"content_type": 7, "object_id": 1, "text": "<p>45</p>", "comment_time": "2018-08-24T11:48:58.631Z", "user": 1, "root": 74, "parent": 75, "reply_to": 1}}, {"model": "comment.comment", "pk": 77, "fields": {"content_type": 7, "object_id": 1, "text": "<p>\u4f60\u597d\uff0c\u5728\u5417</p>", "comment_time": "2018-08-24T11:49:58.220Z", "user": 1, "root": null, "parent": null, "reply_to": null}}, {"model": "comment.comment", "pk": 78, "fields": {"content_type": 7, "object_id": 1, "text": "<p>\u4f60\u597d\uff0c\u5728\u5417</p>", "comment_time": "2018-08-24T11:49:59.709Z", "user": 1, "root": null, "parent": null, "reply_to": null}}, {"model": "comment.comment", "pk": 79, "fields": {"content_type": 7, "object_id": 1, "text": "<p>\u4f60\u597d\uff0c\u5728\u5417</p>", "comment_time": "2018-08-24T11:50:11.282Z", "user": 1, "root": null, "parent": null, "reply_to": null}}, {"model": "comment.comment", "pk": 86, "fields": {"content_type": 7, "object_id": 4, "text": "<p>1</p>", "comment_time": "2018-08-25T00:54:12.246Z", "user": 1, "root": null, "parent": null, "reply_to": null}}, {"model": "comment.comment", "pk": 87, "fields": {"content_type": 7, "object_id": 4, "text": "<p>2</p>", "comment_time": "2018-08-25T00:54:29.818Z", "user": 1, "root": 86, "parent": 86, "reply_to": 1}}, {"model": "comment.comment", "pk": 88, "fields": {"content_type": 7, "object_id": 4, "text": "<p>sad</p>", "comment_time": "2018-08-25T00:59:19.226Z", "user": 1, "root": null, "parent": null, "reply_to": null}}, {"model": "comment.comment", "pk": 89, "fields": {"content_type": 7, "object_id": 4, "text": "<p>asdf</p>", "comment_time": "2018-08-25T00:59:22.957Z", "user": 1, "root": 88, "parent": 88, "reply_to": 1}}, {"model": "comment.comment", "pk": 90, "fields": {"content_type": 7, "object_id": 4, "text": "<p>asdf</p>", "comment_time": "2018-08-25T00:59:28.192Z", "user": 1, "root": 88, "parent": 89, "reply_to": 1}}, {"model": "comment.comment", "pk": 91, "fields": {"content_type": 7, "object_id": 4, "text": "<p>1</p>", "comment_time": "2018-08-25T01:19:45.178Z", "user": 1, "root": null, "parent": null, "reply_to": null}}, {"model": "comment.comment", "pk": 92, "fields": {"content_type": 7, "object_id": 4, "text": "<p>sad</p>", "comment_time": "2018-08-25T01:27:15.121Z", "user": 1, "root": null, "parent": null, "reply_to": null}}, {"model": "comment.comment", "pk": 93, "fields": {"content_type": 7, "object_id": 4, "text": "<p>2</p>", "comment_time": "2018-08-25T01:29:18.613Z", "user": 1, "root": null, "parent": null, "reply_to": null}}, {"model": "comment.comment", "pk": 94, "fields": {"content_type": 7, "object_id": 4, "text": "<p>1</p>", "comment_time": "2018-08-25T01:30:56.779Z", "user": 1, "root": 93, "parent": 93, "reply_to": 1}}, {"model": "comment.comment", "pk": 95, "fields": {"content_type": 7, "object_id": 4, "text": "<p>123</p>", "comment_time": "2018-08-25T01:48:19.819Z", "user": 1, "root": 93, "parent": 94, "reply_to": 1}}, {"model": "comment.comment", "pk": 96, "fields": {"content_type": 7, "object_id": 4, "text": "<p>\u4f60\u597d</p>", "comment_time": "2018-08-25T01:48:36.231Z", "user": 1, "root": null, "parent": null, "reply_to": null}}, {"model": "comment.comment", "pk": 97, "fields": {"content_type": 7, "object_id": 2, "text": "<p>12</p>", "comment_time": "2018-08-25T05:17:58.892Z", "user": 1, "root": 19, "parent": 19, "reply_to": 1}}, {"model": "comment.comment", "pk": 98, "fields": {"content_type": 7, "object_id": 1, "text": "<p>1</p>", "comment_time": "2018-08-25T06:14:31.783Z", "user": 1, "root": null, "parent": null, "reply_to": null}}, {"model": "comment.comment", "pk": 99, "fields": {"content_type": 7, "object_id": 1, "text": "<p>1</p>", "comment_time": "2018-08-25T07:04:14.170Z", "user": 1, "root": null, "parent": null, "reply_to": null}}, {"model": "comment.comment", "pk": 100, "fields": {"content_type": 7, "object_id": 1, "text": "<p>1</p>", "comment_time": "2018-08-25T07:05:44.045Z", "user": 1, "root": null, "parent": null, "reply_to": null}}, {"model": "comment.comment", "pk": 101, "fields": {"content_type": 7, "object_id": 1, "text": "<p>1</p>", "comment_time": "2018-08-25T07:05:48.573Z", "user": 1, "root": 100, "parent": 100, "reply_to": 1}}, {"model": "comment.comment", "pk": 102, "fields": {"content_type": 7, "object_id": 1, "text": "<p>1</p>", "comment_time": "2018-08-25T07:05:52.107Z", "user": 1, "root": 100, "parent": 101, "reply_to": 1}}, {"model": "comment.comment", "pk": 103, "fields": {"content_type": 7, "object_id": 2, "text": "<p>12</p>", "comment_time": "2018-08-25T08:58:44.942Z", "user": 1, "root": 18, "parent": 18, "reply_to": 1}}, {"model": "comment.comment", "pk": 104, "fields": {"content_type": 7, "object_id": 2, "text": "<p>q2w</p>", "comment_time": "2018-08-25T08:58:48.970Z", "user": 1, "root": 4, "parent": 4, "reply_to": 1}}, {"model": "comment.comment", "pk": 105, "fields": {"content_type": 7, "object_id": 1, "text": "<p>fsa</p>", "comment_time": "2018-08-26T06:56:08.332Z", "user": 1, "root": 74, "parent": 76, "reply_to": 1}}, {"model": "comment.comment", "pk": 106, "fields": {"content_type": 7, "object_id": 1, "text": "<p>12434</p>", "comment_time": "2018-08-26T06:56:12.445Z", "user": 1, "root": 100, "parent": 100, "reply_to": 1}}, {"model": "comment.comment", "pk": 107, "fields": {"content_type": 7, "object_id": 1, "text": "<p>12</p>", "comment_time": "2018-08-26T06:56:29.978Z", "user": 1, "root": 100, "parent": 100, "reply_to": 1}}, {"model": "comment.comment", "pk": 108, "fields": {"content_type": 7, "object_id": 1, "text": "<p>asdf</p>", "comment_time": "2018-08-26T06:56:39.259Z", "user": 1, "root": 74, "parent": 76, "reply_to": 1}}, {"model": "comment.comment", "pk": 109, "fields": {"content_type": 7, "object_id": 2, "text": "<p>f</p>", "comment_time": "2018-08-26T06:58:31.844Z", "user": 1, "root": 19, "parent": 97, "reply_to": 1}}, {"model": "comment.comment", "pk": 110, "fields": {"content_type": 7, "object_id": 3, "text": "<p>asfd</p>", "comment_time": "2018-08-27T02:25:05.218Z", "user": 1, "root": 49, "parent": 49, "reply_to": 2}}, {"model": "comment.comment", "pk": 111, "fields": {"content_type": 7, "object_id": 1, "text": "<p>\u8bc4\u8bba\u6d4b\u8bd5</p>", "comment_time": "2018-08-27T02:49:52.414Z", "user": 1, "root": null, "parent": null, "reply_to": null}}, {"model": "comment.comment", "pk": 112, "fields": {"content_type": 7, "object_id": 1, "text": "<p>\u56de\u590d\u6d4b\u8bd5</p>", "comment_time": "2018-08-27T02:50:27.087Z", "user": 1, "root": 111, "parent": 111, "reply_to": 1}}, {"model": "comment.comment", "pk": 113, "fields": {"content_type": 7, "object_id": 1, "text": "<p>\u8bc4\u8bba\uff0c\u591a\u7ebf\u7a0b\u53d1\u9001\u90ae\u4ef6</p>", "comment_time": "2018-08-27T03:24:57.267Z", "user": 1, "root": null, "parent": null, "reply_to": null}}, {"model": "comment.comment", "pk": 114, "fields": {"content_type": 7, "object_id": 1, "text": "<p>\u56de\u590d\uff0c\u591a\u7ebf\u7a0b\u53d1\u9001\u90ae\u4ef6</p>", "comment_time": "2018-08-27T03:25:26.928Z", "user": 1, "root": 113, "parent": 113, "reply_to": 1}}, {"model": "comment.comment", "pk": 115, "fields": {"content_type": 7, "object_id": 1, "text": "<p>\u6d4b\u8bd5html\u6a21\u7248</p>", "comment_time": "2018-08-27T03:49:51.679Z", "user": 1, "root": null, "parent": null, "reply_to": null}}, {"model": "comment.comment", "pk": 116, "fields": {"content_type": 7, "object_id": 1, "text": "<p>\u6b22\u8fce\u8bc4\u8bba\uff5e</p>", "comment_time": "2018-08-27T03:56:50.412Z", "user": 1, "root": 115, "parent": 115, "reply_to": 1}}, {"model": "comment.comment", "pk": 117, "fields": {"content_type": 7, "object_id": 1, "text": "<p>\u6d4b\u8bd5html\u6a21\u7248</p>", "comment_time": "2018-08-27T03:59:44.311Z", "user": 1, "root": null, "parent": null, "reply_to": null}}, {"model": "likes.likerecord", "pk": 1, "fields": {"content_type": 7, "object_id": 4, "user": 1, "liked_time": "2018-08-25T03:47:15.897Z"}}, {"model": "likes.likerecord", "pk": 4, "fields": {"content_type": 7, "object_id": 3, "user": 1, "liked_time": "2018-08-25T04:24:19.271Z"}}, {"model": "likes.likerecord", "pk": 42, "fields": {"content_type": 7, "object_id": 5, "user": 1, "liked_time": "2018-08-25T05:08:48.195Z"}}, {"model": "likes.likerecord", "pk": 49, "fields": {"content_type": 11, "object_id": 19, "user": 1, "liked_time": "2018-08-25T05:19:04.887Z"}}, {"model": "likes.likerecord", "pk": 50, "fields": {"content_type": 11, "object_id": 97, "user": 1, "liked_time": "2018-08-25T05:19:06.643Z"}}, {"model": "likes.likerecord", "pk": 51, "fields": {"content_type": 7, "object_id": 2, "user": 1, "liked_time": "2018-08-25T05:19:35.688Z"}}, {"model": "likes.likerecord", "pk": 53, "fields": {"content_type": 11, "object_id": 100, "user": 1, "liked_time": "2018-08-25T07:09:43.655Z"}}, {"model": "likes.likerecord", "pk": 55, "fields": {"content_type": 11, "object_id": 101, "user": 1, "liked_time": "2018-08-25T07:10:01.752Z"}}, {"model": "likes.likerecord", "pk": 56, "fields": {"content_type": 11, "object_id": 102, "user": 1, "liked_time": "2018-08-25T07:10:02.562Z"}}, {"model": "likes.likerecord", "pk": 57, "fields": {"content_type": 11, "object_id": 99, "user": 1, "liked_time": "2018-08-25T07:17:19.971Z"}}, {"model": "likes.likerecord", "pk": 58, "fields": {"content_type": 11, "object_id": 98, "user": 1, "liked_time": "2018-08-25T07:17:21.767Z"}}, {"model": "likes.likerecord", "pk": 60, "fields": {"content_type": 11, "object_id": 4, "user": 1, "liked_time": "2018-08-25T08:58:42.152Z"}}, {"model": "likes.likerecord", "pk": 62, "fields": {"content_type": 11, "object_id": 18, "user": 1, "liked_time": "2018-08-25T08:59:02.126Z"}}, {"model": "likes.likerecord", "pk": 64, "fields": {"content_type": 11, "object_id": 77, "user": 1, "liked_time": "2018-08-26T00:41:27.757Z"}}, {"model": "likes.likerecord", "pk": 66, "fields": {"content_type": 11, "object_id": 10, "user": 1, "liked_time": "2018-08-26T00:41:41.135Z"}}, {"model": "likes.likerecord", "pk": 67, "fields": {"content_type": 11, "object_id": 76, "user": 1, "liked_time": "2018-08-26T06:56:04.428Z"}}, {"model": "likes.likerecord", "pk": 68, "fields": {"content_type": 7, "object_id": 1, "user": 2, "liked_time": "2018-08-27T00:48:28.944Z"}}, {"model": "likes.likerecord", "pk": 69, "fields": {"content_type": 11, "object_id": 53, "user": 2, "liked_time": "2018-08-27T00:48:31.038Z"}}, {"model": "likes.likerecord", "pk": 70, "fields": {"content_type": 7, "object_id": 2, "user": 2, "liked_time": "2018-08-27T00:48:34.991Z"}}, {"model": "likes.likerecord", "pk": 71, "fields": {"content_type": 11, "object_id": 49, "user": 1, "liked_time": "2018-08-27T01:55:24.596Z"}}, {"model": "likes.likerecord", "pk": 72, "fields": {"content_type": 11, "object_id": 3, "user": 1, "liked_time": "2018-08-27T01:55:39.464Z"}}, {"model": "likes.likerecord", "pk": 73, "fields": {"content_type": 11, "object_id": 104, "user": 1, "liked_time": "2018-08-27T01:55:40.566Z"}}, {"model": "likes.likerecord", "pk": 74, "fields": {"content_type": 11, "object_id": 103, "user": 1, "liked_time": "2018-08-27T01:55:41.581Z"}}, {"model": "likes.likerecord", "pk": 75, "fields": {"content_type": 11, "object_id": 111, "user": 1, "liked_time": "2018-08-27T02:50:20.816Z"}}, {"model": "user.profile", "pk": 1, "fields": {"user": 1, "nickname": "\u5c0f\u660e"}}, {"model": "user.profile", "pk": 2, "fields": {"user": 2, "nickname": "able1-nickname"}}, {"model": "user.profile", "pk": 3, "fields": {"user": 3, "nickname": "able2-nickname"}}, {"model": "admin.logentry", "pk": 1, "fields": {"action_time": "2018-08-22T23:44:20.997Z", "user": 1, "content_type": 8, "object_id": "1", "object_repr": "\u968f\u7b14", "action_flag": 1, "change_message": "[{\"added\": {}}]"}}, {"model": "admin.logentry", "pk": 2, "fields": {"action_time": "2018-08-22T23:44:28.508Z", "user": 1, "content_type": 8, "object_id": "2", "object_repr": "\u611f\u609f", "action_flag": 1, "change_message": "[{\"added\": {}}]"}}, {"model": "admin.logentry", "pk": 3, "fields": {"action_time": "2018-08-22T23:44:35.026Z", "user": 1, "content_type": 8, "object_id": "3", "object_repr": "Django", "action_flag": 1, "change_message": "[{\"added\": {}}]"}}, {"model": "admin.logentry", "pk": 4, "fields": {"action_time": "2018-08-22T23:44:40.899Z", "user": 1, "content_type": 8, "object_id": "4", "object_repr": "\u5176\u4ed6", "action_flag": 1, "change_message": "[{\"added\": {}}]"}}, {"model": "admin.logentry", "pk": 5, "fields": {"action_time": "2018-08-22T23:45:07.350Z", "user": 1, "content_type": 7, "object_id": "1", "object_repr": "<Blog: \u7b2c\u4e00\u7bc7\u535a\u5ba2 \u968f\u7b14>", "action_flag": 1, "change_message": "[{\"added\": {}}]"}}, {"model": "admin.logentry", "pk": 6, "fields": {"action_time": "2018-08-22T23:45:17.405Z", "user": 1, "content_type": 7, "object_id": "2", "object_repr": "<Blog: \u7b2c2\u7bc7\u535a\u5ba2 \u968f\u7b14>", "action_flag": 1, "change_message": "[{\"added\": {}}]"}}, {"model": "admin.logentry", "pk": 7, "fields": {"action_time": "2018-08-22T23:45:39.564Z", "user": 1, "content_type": 7, "object_id": "3", "object_repr": "<Blog: \u7b2c4\u7bc7\u535a\u5ba2 \u611f\u609f>", "action_flag": 1, "change_message": "[{\"added\": {}}]"}}, {"model": "admin.logentry", "pk": 8, "fields": {"action_time": "2018-08-22T23:45:57.239Z", "user": 1, "content_type": 7, "object_id": "4", "object_repr": "<Blog: \u7b2c4\u7bc7\u535a\u5ba2 Django>", "action_flag": 1, "change_message": "[{\"added\": {}}]"}}, {"model": "admin.logentry", "pk": 9, "fields": {"action_time": "2018-08-22T23:46:13.548Z", "user": 1, "content_type": 7, "object_id": "5", "object_repr": "<Blog: \u7b2c5\u7bc7 \u5176\u4ed6>", "action_flag": 1, "change_message": "[{\"added\": {}}]"}}, {"model": "admin.logentry", "pk": 10, "fields": {"action_time": "2018-08-22T23:46:47.893Z", "user": 1, "content_type": 9, "object_id": "1", "object_repr": "ReadNum object (1)", "action_flag": 1, "change_message": "[{\"added\": {}}]"}}, {"model": "admin.logentry", "pk": 11, "fields": {"action_time": "2018-08-23T00:18:18.788Z", "user": 1, "content_type": 10, "object_id": "1", "object_repr": "ReadDetail object (1)", "action_flag": 1, "change_message": "[{\"added\": {}}]"}}, {"model": "admin.logentry", "pk": 12, "fields": {"action_time": "2018-08-23T03:01:09.127Z", "user": 1, "content_type": 10, "object_id": "4", "object_repr": "ReadDetail object (4)", "action_flag": 1, "change_message": "[{\"added\": {}}]"}}, {"model": "admin.logentry", "pk": 13, "fields": {"action_time": "2018-08-23T03:49:54.180Z", "user": 1, "content_type": 10, "object_id": "1", "object_repr": "ReadDetail object (1)", "action_flag": 2, "change_message": "[{\"changed\": {\"fields\": [\"date\", \"read_num\"]}}]"}}, {"model": "admin.logentry", "pk": 14, "fields": {"action_time": "2018-08-23T03:50:25.176Z", "user": 1, "content_type": 10, "object_id": "6", "object_repr": "ReadDetail object (6)", "action_flag": 1, "change_message": "[{\"added\": {}}]"}}, {"model": "admin.logentry", "pk": 15, "fields": {"action_time": "2018-08-24T07:35:42.405Z", "user": 1, "content_type": 11, "object_id": "51", "object_repr": "Comment object (51)", "action_flag": 1, "change_message": "[{\"added\": {}}]"}}, {"model": "admin.logentry", "pk": 16, "fields": {"action_time": "2018-08-24T07:39:59.079Z", "user": 1, "content_type": 11, "object_id": "52", "object_repr": "\u554a\u554a\u554a\u554a\u554a", "action_flag": 1, "change_message": "[{\"added\": {}}]"}}, {"model": "admin.logentry", "pk": 17, "fields": {"action_time": "2018-08-24T09:24:08.429Z", "user": 1, "content_type": 11, "object_id": "53", "object_repr": "**** 111****", "action_flag": 1, "change_message": "[{\"added\": {}}]"}}, {"model": "admin.logentry", "pk": 18, "fields": {"action_time": "2018-08-25T01:56:56.823Z", "user": 1, "content_type": 11, "object_id": "1", "object_repr": "                    123", "action_flag": 3, "change_message": ""}}, {"model": "admin.logentry", "pk": 19, "fields": {"action_time": "2018-08-25T01:57:09.505Z", "user": 1, "content_type": 11, "object_id": "13", "object_repr": "<p>dsfasdf<img alt=\"laugh\" height=\"23\" src=\"http://127.0.0.1:8000/static/ckeditor/ckeditor/plugins/smiley/images/teeth_smile.png\" title=\"laugh\" width=\"23\" /></p>", "action_flag": 3, "change_message": ""}}, {"model": "admin.logentry", "pk": 20, "fields": {"action_time": "2018-08-25T01:57:21.290Z", "user": 1, "content_type": 11, "object_id": "82", "object_repr": "<p>\u8c03\u4e86\u597d\u51e0\u5c0f\u65f6\uff0c\u524d\u7aef\u4ee3\u7801\u592a\u591a\u4f18\u70b9\u7ed5</p>", "action_flag": 3, "change_message": ""}}, {"model": "admin.logentry", "pk": 21, "fields": {"action_time": "2018-08-25T02:10:11.092Z", "user": 1, "content_type": 11, "object_id": "82", "object_repr": "<p>\u8c03\u4e86\u597d\u51e0\u5c0f\u65f6\uff0c\u524d\u7aef\u4ee3\u7801\u592a\u591a\u4f18\u70b9\u7ed5</p>", "action_flag": 3, "change_message": ""}}, {"model": "admin.logentry", "pk": 22, "fields": {"action_time": "2018-08-25T02:10:18.577Z", "user": 1, "content_type": 11, "object_id": "2", "object_repr": "                    123", "action_flag": 3, "change_message": ""}}, {"model": "admin.logentry", "pk": 23, "fields": {"action_time": "2018-08-25T02:13:30.605Z", "user": 1, "content_type": 11, "object_id": "80", "object_repr": "<p>\u5728\u7684</p>", "action_flag": 3, "change_message": ""}}, {"model": "admin.logentry", "pk": 24, "fields": {"action_time": "2018-08-26T02:14:25.152Z", "user": 1, "content_type": 14, "object_id": "1", "object_repr": "<Profile: able-nickname for able>", "action_flag": 1, "change_message": "[{\"added\": {}}]"}}, {"model": "admin.logentry", "pk": 25, "fields": {"action_time": "2018-08-26T02:14:46.082Z", "user": 1, "content_type": 14, "object_id": "2", "object_repr": "<Profile: able1-nickname for able1>", "action_flag": 1, "change_message": "[{\"added\": {}}]"}}, {"model": "admin.logentry", "pk": 26, "fields": {"action_time": "2018-08-26T10:25:39.172Z", "user": 1, "content_type": 4, "object_id": "1", "object_repr": "able", "action_flag": 2, "change_message": "[{\"changed\": {\"fields\": [\"email\", \"last_login\"]}}]"}}, {"model": "admin.logentry", "pk": 27, "fields": {"action_time": "2018-08-26T10:27:57.593Z", "user": 1, "content_type": 4, "object_id": "1", "object_repr": "able", "action_flag": 2, "change_message": "[{\"changed\": {\"fields\": [\"email\"]}}]"}}, {"model": "admin.logentry", "pk": 28, "fields": {"action_time": "2018-08-26T10:41:22.654Z", "user": 1, "content_type": 4, "object_id": "1", "object_repr": "able", "action_flag": 2, "change_message": "[{\"changed\": {\"fields\": [\"email\", \"last_login\"]}}]"}}, {"model": "admin.logentry", "pk": 29, "fields": {"action_time": "2018-08-26T23:53:23.905Z", "user": 1, "content_type": 4, "object_id": "3", "object_repr": "able2", "action_flag": 2, "change_message": "[{\"changed\": {\"fields\": [\"email\", \"last_login\"]}}]"}}, {"model": "admin.logentry", "pk": 30, "fields": {"action_time": "2018-08-27T01:57:32.604Z", "user": 1, "content_type": 4, "object_id": "1", "object_repr": "able", "action_flag": 2, "change_message": "[{\"changed\": {\"fields\": [\"email\", \"last_login\"]}}]"}}, {"model": "admin.logentry", "pk": 31, "fields": {"action_time": "2018-08-27T23:53:54.652Z", "user": 1, "content_type": 4, "object_id": "1", "object_repr": "able", "action_flag": 2, "change_message": "[{\"changed\": {\"fields\": [\"email\"]}}]"}}]